{
  "project_info": {
    "project_number": "1098051849887",
    "project_id": "my-application-bd25c",
    "storage_bucket": "my-application-bd25c.appspot.com"
  },
  "client": [
    {
      "client_info": {
        "mobilesdk_app_id": "1:1098051849887:android:308339e672d15a4b0f1caa",
        "android_client_info": {
          "package_name": "com.example.myapplication"
        }
      },
      "oauth_client": [
        {
          "client_id": "1098051849887-lvr27rde3t6ko93ksb1ii3ne6vhvta0s.apps.googleusercontent.com",
          "client_type": 3
        }
      ],
      "api_key": [
        {
          "current_key": "AIzaSyB-gu9PQm1UUcwokA4BVREw8ViDZBPQg6k"
        }
      ],
      "services": {
        "appinvite_service": {
          "other_platform_oauth_client": [
            {
              "client_id": "1098051849887-lvr27rde3t6ko93ksb1ii3ne6vhvta0s.apps.googleusercontent.com",
              "client_type": 3
            }
          ]
        }
      }
    }
  ],
  "configuration_version": "1"
}